{
    "T": [
        [
            0.9995677544643531,
            -0.029399051601892573,
            -355.2581395572719
        ],
        [
            0.029399051601892573,
            0.9995677544643531,
            -268.5603363832901
        ],
        [
            0.0,
            0.0,
            1.0
        ]
    ],
    "T_inv": [
        [
            0.9995677544643532,
            0.029399051601892573,
            363.0
        ],
        [
            -0.02939905160189257,
            0.999567754464353,
            258.0
        ],
        [
            0.0,
            0.0,
            1.0
        ]
    ],
    "coefficients": [
        0.5289352154575915,
        -21.713465800734955,
        523.8033640336567
    ],
    "p0": [
        363,
        258
    ],
    "p1": [
        261,
        261
    ]
}