{
    "T": [
        [
            0.9995677544643531,
            -0.029399051601892573,
            -355.2581395572719
        ],
        [
            0.029399051601892573,
            0.9995677544643531,
            -268.5603363832901
        ],
        [
            0.0,
            0.0,
            1.0
        ]
    ],
    "T_inv": [
        [
            0.9995677544643531,
            0.02939905160189257,
            363.0
        ],
        [
            -0.029399051601892573,
            0.999567754464353,
            258.0
        ],
        [
            0.0,
            0.0,
            1.0
        ]
    ],
    "coefficients": [
        0.052893521545758465,
        -2.171346580073481,
        52.38033640336563
    ],
    "p0": [
        363,
        258
    ],
    "p1": [
        261,
        261
    ]
}